sampleID,forwardReads,reverseReads
AEZ_Water_1,preprocessing/results/ITS_fungi_water_fastp__20260627T140127Z__job9757050/fastq_trimmed/AEZ_Water_1_fastp_R1.fastq.gz,preprocessing/results/ITS_fungi_water_fastp__20260627T140127Z__job9757050/fastq_trimmed/AEZ_Water_1_fastp_R2.fastq.gz
AEZ_Water_2,preprocessing/results/ITS_fungi_water_fastp__20260627T140127Z__job9757050/fastq_trimmed/AEZ_Water_2_fastp_R1.fastq.gz,preprocessing/results/ITS_fungi_water_fastp__20260627T140127Z__job9757050/fastq_trimmed/AEZ_Water_2_fastp_R2.fastq.gz
AEZ_Water_3,preprocessing/results/ITS_fungi_water_fastp__20260627T140127Z__job9757050/fastq_trimmed/AEZ_Water_3_fastp_R1.fastq.gz,preprocessing/results/ITS_fungi_water_fastp__20260627T140127Z__job9757050/fastq_trimmed/AEZ_Water_3_fastp_R2.fastq.gz
BEZ_Water_1,preprocessing/results/ITS_fungi_water_fastp__20260627T140127Z__job9757050/fastq_trimmed/BEZ_Water_1_fastp_R1.fastq.gz,preprocessing/results/ITS_fungi_water_fastp__20260627T140127Z__job9757050/fastq_trimmed/BEZ_Water_1_fastp_R2.fastq.gz
BEZ_Water_2,preprocessing/results/ITS_fungi_water_fastp__20260627T140127Z__job9757050/fastq_trimmed/BEZ_Water_2_fastp_R1.fastq.gz,preprocessing/results/ITS_fungi_water_fastp__20260627T140127Z__job9757050/fastq_trimmed/BEZ_Water_2_fastp_R2.fastq.gz
BEZ_Water_3,preprocessing/results/ITS_fungi_water_fastp__20260627T140127Z__job9757050/fastq_trimmed/BEZ_Water_3_fastp_R1.fastq.gz,preprocessing/results/ITS_fungi_water_fastp__20260627T140127Z__job9757050/fastq_trimmed/BEZ_Water_3_fastp_R2.fastq.gz
IEZ_Water_1,preprocessing/results/ITS_fungi_water_fastp__20260627T140127Z__job9757050/fastq_trimmed/IEZ_Water_1_fastp_R1.fastq.gz,preprocessing/results/ITS_fungi_water_fastp__20260627T140127Z__job9757050/fastq_trimmed/IEZ_Water_1_fastp_R2.fastq.gz
IEZ_Water_2,preprocessing/results/ITS_fungi_water_fastp__20260627T140127Z__job9757050/fastq_trimmed/IEZ_Water_2_fastp_R1.fastq.gz,preprocessing/results/ITS_fungi_water_fastp__20260627T140127Z__job9757050/fastq_trimmed/IEZ_Water_2_fastp_R2.fastq.gz
IEZ_Water_3,preprocessing/results/ITS_fungi_water_fastp__20260627T140127Z__job9757050/fastq_trimmed/IEZ_Water_3_fastp_R1.fastq.gz,preprocessing/results/ITS_fungi_water_fastp__20260627T140127Z__job9757050/fastq_trimmed/IEZ_Water_3_fastp_R2.fastq.gz
